<?xml version="1.0" encoding="UTF-8" standalone="yes"?>
<manifest>
  <control namespace="mhs" constructor="htmltext" version="0.0.2" display-name-key="htmltext" description-key="htmltext description" control-type="standard" api-version="1.3.4">
    <external-service-usage enabled="false"/>
    <property name="SingleLineofText" display-name-key="SingleLineofText" description-key="SingleLineofText" of-type="SingleLine.Text" usage="bound" required="true"/>
    <property name="HtmlTemplate" display-name-key="HtmlTemplate" description-key="HtmlTemplate" of-type="Multiple" usage="input" required="true"/>
    <property name="JsonData" display-name-key="JsonData" description-key="JsonData" of-type="Multiple" usage="input" required="false"/>
    <property name="EventType" display-name-key="EventType" description-key="EventType" of-type="SingleLine.Text" usage="output"/>
    <property name="EventData" display-name-key="EventData" description-key="EventData" of-type="SingleLine.Text" usage="output"/>
    <resources>
      <code path="bundle.js" order="1"/>
    </resources>
    <built-by name="pac" version="1.21.8"/>
  </control>
</manifest>